2018,Wednesday,Lawrenceville Road,Motor Vehicle Crash - Deer,18:21:53
2018,Friday,Mercer Street,Motor Vehicle Crash - Deer,23:22:49
2018,Sunday,Rosedale Road,Motor Vehicle Crash - Deer,22:59:37
2018,Tuesday,Quaker Road,Motor Vehicle Crash - Deer,17:11:05
2018,Thursday,Lawrenceville Road,Motor Vehicle Crash - Deer,23:00:21
2018,Thursday,State Road,Motor Vehicle Crash - Deer,19:10:48
2018,Sunday,Washington Road,Motor Vehicle Crash - Deer,17:43:51
2018,Tuesday,State Road,Motor Vehicle Crash - Deer,07:06:12
2018,Saturday,Cherry Hill Road,Motor Vehicle Crash - Deer,21:49:23
2018,Sunday,State Road,Motor Vehicle Crash - Deer,22:14:35
2018,Sunday,Cherry Valley Road,Motor Vehicle Crash - Deer,19:21:56
2018,Sunday,Springdale Road,Motor Vehicle Crash - Deer,23:17:05
2018,Thursday,Great Road,Motor Vehicle Crash - Deer,02:25:48
2018,Thursday,State Road,Motor Vehicle Crash - Deer,06:20:46
2018,Sunday,Valley Road,Motor Vehicle Crash - Deer,21:17:23
2018,Sunday,South Harrison Street,Motor Vehicle Crash - Deer,14:47:54
2018,Friday,Mercer Street,Motor Vehicle Crash - Deer,06:48:07
2018,Saturday,Mercer Street,Motor Vehicle Crash - Deer,01:01:26
2018,Thursday,Lawrenceville Road,Motor Vehicle Crash - Deer,05:39:11
2018,Saturday,Lawrenceville Road,Motor Vehicle Crash - Deer,23:46:53
2018,Wednesday,Snowden Lane,Motor Vehicle Crash - Deer,21:29:20
2018,Friday,Cherry Hill Road,Motor Vehicle Crash - Deer,20:44:56
2018,Monday,State Road,Motor Vehicle Crash - Deer,06:32:45
2018,Tuesday,Quaker Road,Motor Vehicle Crash - Deer,18:05:30
2018,Wednesday,Rosedale Road,Motor Vehicle Crash - Deer,07:46:39
2018,Tuesday,Princeton Kingston Road,Motor Vehicle Crash - Deer,06:37:35
2018,Wednesday,Quaker Road,Motor Vehicle Crash - Deer,07:44:33
2018,Friday,Great Road,Motor Vehicle Crash - Deer,00:38:52
2018,Tuesday,Bunn Drive,Motor Vehicle Crash - Deer,20:05:02
2018,Tuesday,Stockton Street,Motor Vehicle Crash - Deer,19:05:18
2018,Monday,Village Blvd ,Motor Vehicle Crash - Deer,21:06:34
2018,Thursday,Cherry Valley Road,Motor Vehicle Crash - Deer,18:29:54
2018,Friday,Valley Road,Motor Vehicle Crash - Deer,20:55:06
2018,Tuesday,Terhune Road,Motor Vehicle Crash - Deer,18:42:08
2018,Wednesday,Princeton Kingston Road,Motor Vehicle Crash - Deer,22:28:51
2018,Saturday,valley Road,Motor Vehicle Crash - Deer,19:02:15
2018,Sunday,Alexander Street,Motor Vehicle Crash - Deer,18:55:43
2018,Monday,Laurel Road,Motor Vehicle Crash - Deer,07:30:50
2018,Sunday,Lawrenceville Road,Motor Vehicle Crash - Deer,20:43:31
2018,Monday,Alexander Street,Motor Vehicle Crash - Deer,16:15:45
2018,Monday,Great Road,Motor Vehicle Crash - Deer,22:26:32
2018,Tuesday,Quaker Road,Motor Vehicle Crash - Deer,01:02:38
2018,Sunday,Rosedale Road,Motor Vehicle Crash - Deer,20:39:51
2018,Monday,Mercer Road,Motor Vehicle Crash - Deer,16:59:12
2018,Saturday,Rosedale Road,Motor Vehicle Crash - Deer,18:49:33
2018,Saturday,Mercer Street,Motor Vehicle Crash - Deer,20:33:49
2018,Tuesday,Ewing Street,Motor Vehicle Crash - Deer,20:17:09
2018,Friday,Princeton Avenue,Motor Vehicle Crash - Deer,15:37:48
2018,Monday,Mercer Road,Motor Vehicle Crash - Deer,18:19:21
2018,Tuesday,Washington Road,Motor Vehicle Crash - Deer,18:57:23
2018,Thursday,Walnut Lane,Motor Vehicle Crash - Deer,08:01:00
2018,Friday,Stockton Street,Motor Vehicle Crash - Deer,17:15:17
2018,Friday,Quaker Road,Motor Vehicle Crash - Deer,17:45:26
2018,Friday,State Road,Motor Vehicle Crash - Deer,19:01:01
2018,Monday,Edgerstoune Road,Motor Vehicle Crash - Deer,21:45:15
2018,Monday,Great Road,Motor Vehicle Crash - Deer,22:15:03
2018,Thursday,Stockton Street,Motor Vehicle Crash - Deer,16:54:50
2018,Friday,Stockton Street,Motor Vehicle Crash - Deer,17:53:14
2018,Friday,Stockton Street,Motor Vehicle Crash - Deer,18:18:21
2018,Friday,Ewing St N - ,Motor Vehicle Crash - Deer,19:06:44
2018,Tuesday,Roper Road,Motor Vehicle Crash - Deer,08:32:07
2018,Saturday,Cherry Hill Road,Motor Vehicle Crash - Deer,17:39:31
2018,Monday,Valley Road,Motor Vehicle Crash - Deer,01:39:05
2018,Monday,Washington Road,Motor Vehicle Crash - Pedestrian,11:34:09
2018,Friday,Washington Road,Motor Vehicle Crash - Pedestrian,18:17:21
2018,Sunday,Hodge Road,Motor Vehicle Crash - Pedestrian,18:06:03
2018,Sunday,Wiggins Street,Motor Vehicle Crash - Pedestrian,18:30:12
2018,Friday,Washington Road,Motor Vehicle Crash - Pedestrian,20:10:53
2018,Tuesday,University Place,Motor Vehicle Crash - Pedestrian,7:31:17
2018,Monday,Princeton Avenue,Motor Vehicle Crash - Pedestrian,8:19:19
2018,Monday,Princeton Kingston Road,Motor Vehicle Crash - Pedestrian,17:53:27
2018,Thursday,Nassau Street,Motor Vehicle Crash - Pedestrian,16:33:53
2018,Thursday,Wiggins Street,Motor Vehicle Crash - Pedestrian,10:50:59
2018,Friday,Edgerstoune Road,Motor Vehicle Crash - Pedestrian,7:45:52
2018,Monday,University Place,Motor Vehicle Crash - Pedestrian,17:42:42
2018,Monday,Washington Road,Motor Vehicle Crash - Pedestrian,21:19:11
2018,Monday,Park Place,Motor Vehicle Crash - Pedestrian,18:53:51
2018,Monday,North Harrison Street,Motor Vehicle Crash - Pedestrian,17:38:30
2018,Friday,Nassau Street,Motor Vehicle Crash - Pedestrian,23:35:28
2018,Sunday,Witherspoon Street,Motor Vehicle Crash - Pedestrian,9:21:45
2018,Wednesday,Bunn Drive,Motor Vehicle Crash - Bicycle,20:35:58
2018,Friday,Mount Lucas Road,Motor Vehicle Crash - Bicycle,14:57:58
2018,Monday,Vandeventer Avenue,Motor Vehicle Crash - Bicycle,13:56:47
2018,Saturday,Birch Avenue,Motor Vehicle Crash - Bicycle,18:04:22
2018,Tuesday,Nassau Street,Motor Vehicle Crash - Bicycle,18:15:31
2018,Wednesday,Alexander Street,Motor Vehicle Crash - Bicycle,15:28:14
2018,Wednesday,John Street,Motor Vehicle Crash - Bicycle,22:52:08
2018,Tuesday,South Harrison Street,Motor Vehicle Crash - Bicycle,15:46:11
2018,Monday,Meetinghouse Court,Motor Vehicle Crash - No Injury,12:59:36
2018,Tuesday,Nassau Street,Motor Vehicle Crash - No Injury,08:14:11
2018,Tuesday,Nassau Street,Motor Vehicle Crash - No Injury,13:31:38
2018,Tuesday,Hamilton Avenue,Motor Vehicle Crash - No Injury,17:21:34
2018,Wednesday,Spring Street,Motor Vehicle Crash - No Injury,12:37:15
2018,Wednesday,State Road,Motor Vehicle Crash - No Injury,12:36:10
2018,Wednesday,Guyot Avenue,Motor Vehicle Crash - No Injury,15:22:56
2018,Wednesday,State Road,Motor Vehicle Crash - Injury,19:26:05
2018,Wednesday,State Road,Motor Vehicle Crash - Injury,19:28:05
2018,Thursday,North Harrison Street,Motor Vehicle Crash - No Injury,07:48:46
2018,Thursday,Great Road,Motor Vehicle Crash - No Injury,08:48:30
2018,Friday,Juniper Row,Motor Vehicle Crash - No Injury,12:10:58
2018,Friday,State Road,Motor Vehicle Crash - No Injury,12:20:24
2018,Friday,Pretty Brook Road,Motor Vehicle Crash - No Injury,16:51:25
2018,Saturday,Mercer Street,Motor Vehicle Crash - No Injury,12:49:05
2018,Saturday,South Harrison Street,Motor Vehicle Crash - No Injury,14:15:39
2018,Sunday,Valley Road,Motor Vehicle Crash - No Injury,11:26:10
2018,Sunday,Nassau Street,Motor Vehicle Crash - No Injury,17:40:14
2018,Monday,Nassau Street,Motor Vehicle Crash - No Injury,08:25:38
2018,Monday,State Road,Motor Vehicle Crash - No Injury,13:23:55
2018,Monday,Mulberry Row,Motor Vehicle Crash - No Injury,17:39:05
2018,Tuesday,Governors Lane,Motor Vehicle Crash - Injury,08:08:17
2018,Tuesday,North Harrison Street,Motor Vehicle Crash - No Injury,15:35:50
2018,Tuesday,South Harrison Street,Motor Vehicle Crash - No Injury,15:41:29
2018,Wednesday,Stockton Street,Motor Vehicle Crash - No Injury,10:08:02
2018,Wednesday,Mercer Street,Motor Vehicle Crash - No Injury,14:10:03
2018,Wednesday,Cherry Valley Road,Motor Vehicle Crash - No Injury,17:52:35
2018,Wednesday,Mercer Street,Motor Vehicle Crash - No Injury,18:18:14
2018,Saturday,Princeton Kingston Road,Motor Vehicle Crash - Injury,12:14:38
2018,Saturday,Vandeventer Avenue,Motor Vehicle Crash - No Injury,12:25:49
2018,Saturday,Alexander Street,Motor Vehicle Crash - No Injury,12:58:42
2018,Sunday,Stockton Street,Motor Vehicle Crash - No Injury,11:13:05
2018,Sunday,Valley Road,Motor Vehicle Crash - No Injury,18:19:03
2018,Sunday,North Harrison Street,Motor Vehicle Crash - No Injury,19:44:52
2018,Sunday,Library Place,Motor Vehicle Crash - No Injury,22:49:00
2018,Monday,Olden Street,Motor Vehicle Crash - No Injury,12:22:33
2018,Monday,Nassau Street,Motor Vehicle Crash - No Injury,17:44:04
2018,Tuesday,North Harrison Street,Motor Vehicle Crash - No Injury,13:02:48
2018,Wednesday,Washington Road,Motor Vehicle Crash - No Injury,06:11:31
2018,Wednesday,State Road,Motor Vehicle Crash - No Injury,07:30:03
2018,Thursday,North Harrison Street,Motor Vehicle Crash - No Injury,09:22:27
2018,Thursday,State Road,Motor Vehicle Crash - No Injury,12:18:59
2018,Thursday,State Road,Motor Vehicle Crash - No Injury,12:56:13
2018,Thursday,North Harrison Street,Motor Vehicle Crash - No Injury,14:17:33
2018,Thursday,North Harrison Street,Motor Vehicle Crash - No Injury,15:54:53
2018,Thursday,Monument Drive,Motor Vehicle Crash - No Injury,17:01:58
2018,Friday,Lovers Lane,Motor Vehicle Crash - No Injury,09:16:54
2018,Friday,State Road,Motor Vehicle Crash - No Injury,17:09:39
2018,Friday,Alexander Street,Motor Vehicle Crash - No Injury,18:29:07
2018,Saturday,State Road,Motor Vehicle Crash - Injury,10:33:20
2018,Sunday,Stockton Street,Motor Vehicle Crash - No Injury,08:48:11
2018,Monday,State Road,Motor Vehicle Crash - Injury,11:31:11
2018,Monday,State Road,Motor Vehicle Crash - No Injury,17:12:10
2018,Tuesday,Chambers Street,Motor Vehicle Crash - No Injury,17:46:02
2018,Wednesday,Great Road,Motor Vehicle Crash - No Injury,16:40:35
2018,Thursday,Washington Road,Motor Vehicle Crash - No Injury,08:26:01
2018,Thursday,Great Road,Motor Vehicle Crash - No Injury,11:10:57
2018,Thursday,Witherspoon Street,Motor Vehicle Crash - No Injury,14:03:04
2018,Thursday,Moore Street,Motor Vehicle Crash - No Injury,14:47:37
2018,Friday,Bayard Lane,Motor Vehicle Crash - No Injury,07:56:13
2018,Friday,Bunn Drive,Motor Vehicle Crash - No Injury,15:24:25
2018,Friday,Washington Road,Motor Vehicle Crash - No Injury,21:14:43
2018,Saturday,Mercer Street,Motor Vehicle Crash - No Injury,17:05:17
2018,Sunday,Herrontown Road,Motor Vehicle Crash - No Injury,14:57:30
2018,Monday,Elm Road,Motor Vehicle Crash - No Injury,08:50:03
2018,Tuesday,Winant Road,Motor Vehicle Crash - No Injury,07:57:39
2018,Tuesday,Elm Road,Motor Vehicle Crash - No Injury,08:45:08
2018,Tuesday,Birch Avenue,Motor Vehicle Crash - No Injury,18:03:01
2018,Wednesday,Nassau Street,Motor Vehicle Crash - No Injury,06:38:08
2018,Wednesday,Bayard Lane,Motor Vehicle Crash - No Injury,14:45:47
2018,Wednesday,Vandeventer Avenue,Motor Vehicle Crash - No Injury,18:56:23
2018,Thursday,Jefferson Road,Motor Vehicle Crash - No Injury,10:57:54
2018,Friday,State Road,Motor Vehicle Crash - No Injury,07:50:27
2018,Friday,Washington Road,Motor Vehicle Crash - Injury,09:16:33
2018,Friday,Vandeventer Avenue,Motor Vehicle Crash - No Injury,15:08:43
2018,Saturday,Olden Lane,Motor Vehicle Crash - No Injury,09:35:48
2018,Sunday,Nassau Street,Motor Vehicle Crash - No Injury,14:20:50
2018,Sunday,Mercer Street,Motor Vehicle Crash - No Injury,20:08:31
2018,Monday,Quaker Road,Motor Vehicle Crash - No Injury,16:56:27
2018,Tuesday,Mercer Street,Motor Vehicle Crash - No Injury,07:57:05
2018,Wednesday,Quaker Road,Motor Vehicle Crash - Injury,10:35:24
2018,Wednesday,State Road,Motor Vehicle Crash - No Injury,18:26:42
2018,Wednesday,Paul Robeson Place,Motor Vehicle Crash - No Injury,19:20:11
2018,Wednesday,State Road,Motor Vehicle Crash - Injury,19:49:33
2018,Thursday,Library Place,Motor Vehicle Crash - No Injury,12:39:29
2018,Thursday,Witherspoon Street,Motor Vehicle Crash - Injury,17:05:28
2018,Friday,Alexander Street,Motor Vehicle Crash - No Injury,09:46:16
2018,Friday,Stockton Street,Motor Vehicle Crash - No Injury,13:12:10
2018,Friday,Nassau Street,Motor Vehicle Crash - No Injury,13:24:19
2018,Saturday,Valley Road,Motor Vehicle Crash - No Injury,14:13:44
2018,Saturday,Nassau Street,Motor Vehicle Crash - No Injury,14:45:09
2018,Saturday,Nassau Street,Motor Vehicle Crash - No Injury,18:09:21
2018,Saturday,Prospect Avenue,Motor Vehicle Crash - No Injury,19:08:25
2018,Sunday,Lovers Lane,Motor Vehicle Crash - No Injury,14:11:14
2018,Tuesday,North Harrison Street,Motor Vehicle Crash - No Injury,18:42:22
2018,Tuesday,Nassau Street,Motor Vehicle Crash - No Injury,18:42:57
2018,Tuesday,Mercer Street,Motor Vehicle Crash - No Injury,18:57:04
2018,Tuesday,Quaker Road,Motor Vehicle Crash - No Injury,19:02:18
2018,Wednesday,Nassau Street,Motor Vehicle Crash - No Injury,17:42:21
2018,Thursday,Nassau Street,Motor Vehicle Crash - No Injury,08:43:10
2018,Thursday,Alexander Street,Motor Vehicle Crash - No Injury,15:22:04
2018,Thursday,Walnut Lane,Motor Vehicle Crash - No Injury,16:42:18
2018,Friday,Princeton Avenue,Motor Vehicle Crash - No Injury,10:04:28
2018,Friday,Alexander Street,Motor Vehicle Crash - No Injury,12:52:51
2018,Saturday,Palmer Square East,Motor Vehicle Crash - No Injury,12:05:42
2018,Saturday,Washington Road,Motor Vehicle Crash - No Injury,20:28:35
2018,Sunday,Spring Street,Motor Vehicle Crash - No Injury,14:30:01
2018,Monday,Great Road,Motor Vehicle Crash - No Injury,10:43:39
2018,Monday,Great Road,Motor Vehicle Crash - No Injury,10:52:54
2018,Monday,Trewbridge Court,Motor Vehicle Crash - No Injury,21:27:48
2018,Monday,Spring Street,Motor Vehicle Crash - No Injury,21:29:16
2018,Tuesday,Broadmead,Motor Vehicle Crash - Injury,11:00:31
2018,Tuesday,Valley Road,Motor Vehicle Crash - No Injury,11:31:18
2018,Tuesday,Valley Road,Motor Vehicle Crash - No Injury,12:43:04
2018,Tuesday,Wilton Street,Motor Vehicle Crash - No Injury,14:10:58
2018,Tuesday,Hamilton Avenue,Motor Vehicle Crash - No Injury,14:10:52
2018,Tuesday,Alexander Street,Motor Vehicle Crash - No Injury,16:48:27
2018,Wednesday,University Place,Motor Vehicle Crash - No Injury,13:58:06
2018,Wednesday,Cherry Valley Road,Motor Vehicle Crash - No Injury,18:17:24
2018,Thursday,Valley Road,Motor Vehicle Crash - No Injury,18:38:31
2018,Friday,Prospect Avenue,Motor Vehicle Crash - No Injury,15:02:39
2018,Sunday,Cherry Valley Road,Motor Vehicle Crash - No Injury,21:34:38
2018,Monday,North Harrison Street,Motor Vehicle Crash - No Injury,09:51:50
2018,Monday,Lovers Lane,Motor Vehicle Crash - No Injury,10:31:25
2018,Monday,Elm Road,Motor Vehicle Crash - No Injury,20:17:16
2018,Monday,Mercer Street,Motor Vehicle Crash - No Injury,22:19:34
2018,Tuesday,Moran Avenue,Motor Vehicle Crash - No Injury,10:00:30
2018,Tuesday,Riverside Drive,Motor Vehicle Crash - No Injury,15:38:55
2018,Thursday,Nassau Street,Motor Vehicle Crash - No Injury,11:53:47
2018,Thursday,North Harrison Street,Motor Vehicle Crash - No Injury,12:05:58
2018,Friday,River Road,Motor Vehicle Crash - No Injury,08:21:15
2018,Friday,Elm Drive,Motor Vehicle Crash - No Injury,09:22:34
2018,Friday,Palmer Square East,Motor Vehicle Crash - No Injury,12:51:13
2018,Friday,Great Road,Motor Vehicle Crash - No Injury,16:17:00
2018,Friday,Mercer Street,Motor Vehicle Crash - No Injury,18:03:01
2018,Saturday,Mercer Street,Motor Vehicle Crash - No Injury,18:41:24
2018,Saturday,State Road,Motor Vehicle Crash - No Injury,19:00:31
2018,Saturday,Lawrenceville Road,Motor Vehicle Crash - No Injury,20:05:51
2018,Sunday,Palmer Square West,Motor Vehicle Crash - No Injury,14:46:14
2018,Monday,Edgerstoune Road,Motor Vehicle Crash - No Injury,10:59:27
2018,Monday,Moore Street,Motor Vehicle Crash - No Injury,15:54:36
2018,Tuesday,Laurel Road,Motor Vehicle Crash - No Injury,18:36:06
2018,Tuesday,Elm Road,Motor Vehicle Crash - No Injury,18:54:49
2018,Wednesday,Wilkinson Way,Motor Vehicle Crash - No Injury,12:55:07
2018,Wednesday,Bayard Lane,Motor Vehicle Crash - No Injury,13:17:34
2018,Thursday,State Road,Motor Vehicle Crash - No Injury,12:21:03
2018,Thursday,Lawrenceville Road,Motor Vehicle Crash - No Injury,13:15:35
2018,Friday,Rollingmead,Motor Vehicle Crash - No Injury,08:36:06
2018,Friday,Faculty Road,Motor Vehicle Crash - No Injury,09:55:15
2018,Friday,Mercer Street,Motor Vehicle Crash - No Injury,09:55:03
2018,Friday,Great Road,Motor Vehicle Crash - No Injury,11:14:48
2018,Friday,Bayard Lane,Motor Vehicle Crash - Injury,16:15:10
2018,Friday,Nassau Street,Motor Vehicle Crash - No Injury,17:42:28
2018,Saturday,State Road,Motor Vehicle Crash - Injury,17:07:52
2018,Sunday,Bayard Lane,Motor Vehicle Crash - No Injury,18:30:08
2018,Sunday,Mercer Street,Motor Vehicle Crash - No Injury,21:07:49
2018,Monday,Princeton Kingston Road,Motor Vehicle Crash - No Injury,14:53:34
2018,Monday,Chambers Street,Motor Vehicle Crash - No Injury,15:52:46
2018,Monday,,Motor Vehicle Crash - No Injury,02:38:32
2018,Wednesday,Mercer Street,Motor Vehicle Crash - No Injury,14:03:08
2018,Wednesday,Spruce Circle,Motor Vehicle Crash - No Injury,15:06:16
2018,Wednesday,State Road,Motor Vehicle Crash - No Injury,17:08:34
2018,Thursday,Walnut Lane,Motor Vehicle Crash - No Injury,08:08:40
2018,Thursday,Vandeventer Avenue,Motor Vehicle Crash - No Injury,14:33:57
2018,Thursday,Robert Road,Motor Vehicle Crash - No Injury,16:07:00
2018,Thursday,Alexander St,Motor Vehicle Crash - No Injury,17:17:29
2018,Friday,Park Place,Motor Vehicle Crash - No Injury,13:04:09
2018,Friday,Western Way,Motor Vehicle Crash - No Injury,15:16:19
2018,Sunday,Nassau Street,Motor Vehicle Crash - No Injury,17:55:57
2018,Tuesday,Alexander Street,Motor Vehicle Crash - No Injury,17:20:56
2018,Tuesday,Mercer Street,Motor Vehicle Crash - No Injury,21:47:21
2018,Wednesday,Valley Road,Motor Vehicle Crash - No Injury,20:50:06
2018,Thursday,Mercer Street,Motor Vehicle Crash - No Injury,03:59:08
2018,Thursday,Nassau Street,Motor Vehicle Crash - No Injury,18:32:51
2018,Friday,Great Road,Motor Vehicle Crash - No Injury,11:53:05
2018,Friday,South Harrison Street,Motor Vehicle Crash - No Injury,15:07:26
2018,Saturday,Mercer Street,Motor Vehicle Crash - No Injury,14:30:48
2018,Tuesday,State Road,Motor Vehicle Crash - No Injury,04:14:25
2018,Tuesday,Spring Street,Motor Vehicle Crash - No Injury,16:49:04
2018,Tuesday,North Harrison Street,Motor Vehicle Crash - No Injury,17:10:32
2018,Tuesday,North Harrison Street,Motor Vehicle Crash - No Injury,17:44:59
2018,Tuesday,Western Way,Motor Vehicle Crash - No Injury,19:01:10
2018,Tuesday,North Harrison Street,Motor Vehicle Crash - No Injury,21:19:28
2018,Wednesday,North Harrison Street,Motor Vehicle Crash - No Injury,07:40:34
2018,Wednesday,South Harrison Street,Motor Vehicle Crash - No Injury,16:08:10
2018,Thursday,North Harrison Street,Motor Vehicle Crash - No Injury,11:30:45
2018,Thursday,Witherspoon Street,Motor Vehicle Crash - No Injury,12:04:42
2018,Thursday,Washington Road,Motor Vehicle Crash - No Injury,15:11:19
2018,Friday,Ewing Street,Motor Vehicle Crash - No Injury,15:33:56
2018,Saturday,Loomis Court,Motor Vehicle Crash - No Injury,09:09:36
2018,Saturday,Millstone Road,Motor Vehicle Crash - No Injury,19:31:51
2018,Wednesday,Ivy Lane,Motor Vehicle Crash - No Injury,14:51:08
2018,Wednesday,North Harrison Street,Motor Vehicle Crash - No Injury,16:23:04
2018,Wednesday,Drakes Corner Road,Motor Vehicle Crash - No Injury,17:00:45
2018,Thursday,Hulfish Street,Motor Vehicle Crash - No Injury,11:43:32
2018,Thursday,Witherspoon Street,Motor Vehicle Crash - No Injury,18:53:36
2018,Friday,State Road,Motor Vehicle Crash - No Injury,13:25:54
2018,Sunday,State Road,Motor Vehicle Crash - Injury,09:18:00
2018,Sunday,,Motor Vehicle Crash - No Injury,15:53:08
2018,Monday,Nassau Street,Motor Vehicle Crash - No Injury,11:04:20
2018,Monday,Nassau Street,Motor Vehicle Crash - No Injury,13:46:04
2018,Tuesday,Elm Road,Motor Vehicle Crash - No Injury,09:20:03
2018,Tuesday,Bunn Drive,Motor Vehicle Crash - Injury,15:23:15
2018,Tuesday,State Road,Motor Vehicle Crash - Injury,16:02:26
2018,Tuesday,Bayard Lane,Motor Vehicle Crash - No Injury,16:36:33
2018,Wednesday,Great Road,Motor Vehicle Crash - No Injury,08:05:22
2018,Wednesday,Nassau Street,Motor Vehicle Crash - No Injury,15:53:00
2018,Thursday,Jefferson Road,Motor Vehicle Crash - Injury,10:13:09
2018,Thursday,State Road,Motor Vehicle Crash - No Injury,12:47:44
2018,Thursday,Mercer Street,Motor Vehicle Crash - No Injury,14:10:40
2018,Thursday,Mercer Street,Motor Vehicle Crash - No Injury,14:12:30
2018,Friday,Stockton Street,Motor Vehicle Crash - No Injury,13:56:09
2018,Saturday,North Harrison Street,Motor Vehicle Crash - No Injury,08:29:59
2018,Saturday,Spring Street,Motor Vehicle Crash - No Injury,15:55:01
2018,Saturday,Nassau Street,Motor Vehicle Crash - No Injury,16:48:37
2018,Saturday,Witherspoon Street,Motor Vehicle Crash - No Injury,21:03:43
2018,Sunday,Jefferson Road,Motor Vehicle Crash - Injury,01:35:23
2018,Monday,Alexander Street,Motor Vehicle Crash - No Injury,09:31:56
2018,Monday,North Harrison Street,Motor Vehicle Crash - No Injury,14:02:08
2018,Monday,Herrontown Road,Motor Vehicle Crash - No Injury,15:33:33
2018,Monday,Valley Road,Motor Vehicle Crash - No Injury,15:53:47
2018,Wednesday,Nassau Street,Motor Vehicle Crash - No Injury,09:42:56
2018,Wednesday,Nassau Street,Motor Vehicle Crash - No Injury,17:14:57
2018,Thursday,University Place,Motor Vehicle Crash - No Injury,00:23:47
2018,Thursday,Bunn Drive,Motor Vehicle Crash - Injury,11:30:24
2018,Thursday,Washington Road,Motor Vehicle Crash - No Injury,11:32:13
2018,Friday,Cherry Valley Road,Motor Vehicle Crash - Injury,07:42:46
2018,Friday,Great Road,Motor Vehicle Crash - No Injury,08:37:58
2018,Friday,Alexander Street,Motor Vehicle Crash - No Injury,17:35:09
2018,Friday,Alexander Street,Motor Vehicle Crash - No Injury,18:44:45
2018,Saturday,Great Road,Motor Vehicle Crash - No Injury,11:44:39
2018,Sunday,State Road,Motor Vehicle Crash - No Injury,14:43:06
2018,Monday,Cherry Hill Road,Motor Vehicle Crash - No Injury,13:25:58
2018,Monday,Lovers Lane,Motor Vehicle Crash - Injury,18:10:29
2018,Monday,Birch Avenue,Motor Vehicle Crash - No Injury,20:08:56
2018,Tuesday,Mercer Street,Motor Vehicle Crash - No Injury,09:53:23
2018,Tuesday,State Road,Motor Vehicle Crash - No Injury,15:22:51
2018,Tuesday,Nassau Street,Motor Vehicle Crash - No Injury,16:30:54
2018,Tuesday,Patton Avenue,Motor Vehicle Crash - Injury,17:01:44
2018,Wednesday,Guyot Avenue,Motor Vehicle Crash - No Injury,16:47:11
2018,Thursday,Witherspoon Street,Motor Vehicle Crash - No Injury,07:22:15
2018,Friday,Witherspoon Street,Motor Vehicle Crash - No Injury,11:07:12
2018,Saturday,State Road,Motor Vehicle Crash - No Injury,04:07:09
2018,Saturday,Moore Street,Motor Vehicle Crash - No Injury,13:16:52
2018,Saturday,Spring Street,Motor Vehicle Crash - No Injury,16:00:25
2018,Sunday,Alexander Street,Motor Vehicle Crash - No Injury,14:43:56
2018,Sunday,Greenview Avenue,Motor Vehicle Crash - No Injury,15:08:14
2018,Sunday,William Street,Motor Vehicle Crash - No Injury,15:16:46
2018,Sunday,Faculty Road,Motor Vehicle Crash - Injury,15:43:41
2018,Monday,Snowden Lane,Motor Vehicle Crash - No Injury,08:59:16
2018,Monday,Valley Road,Motor Vehicle Crash - Injury,09:42:27
2018,Monday,Spring Street,Motor Vehicle Crash - No Injury,11:19:03
2018,Monday,Hemlock Circle,Motor Vehicle Crash - No Injury,13:25:09
2018,Monday,Stockton Street,Motor Vehicle Crash - No Injury,16:41:27
2018,Monday,Nassau Street,Motor Vehicle Crash - No Injury,17:09:57
2018,Tuesday,North Harrison Street,Motor Vehicle Crash - No Injury,14:17:32
2018,Tuesday,Princeton Kingston Road,Motor Vehicle Crash - No Injury,15:01:19
2018,Tuesday,Prospect Avenue,Motor Vehicle Crash - No Injury,17:31:28
2018,Thursday,North Harrison Street,Motor Vehicle Crash - No Injury,12:55:58
2018,Thursday,Valley Road,Motor Vehicle Crash - No Injury,13:26:34
2018,Thursday,North Harrison Street,Motor Vehicle Crash - No Injury,13:30:38
2018,Friday,Prospect Avenue,Motor Vehicle Crash - No Injury,12:10:30
2018,Friday,Washington Road,Motor Vehicle Crash - No Injury,14:53:42
2018,Saturday,Nassau Street,Motor Vehicle Crash - No Injury,15:15:13
2018,Tuesday,Hickory Court,Motor Vehicle Crash - No Injury,08:13:56
2018,Tuesday,Edgehill Street,Motor Vehicle Crash - Injury,08:37:49
2018,Tuesday,Nassau Street,Motor Vehicle Crash - No Injury,10:05:44
2018,Tuesday,South Harrison Street,Motor Vehicle Crash - No Injury,15:35:06
2018,Tuesday,Nassau Street,Motor Vehicle Crash - No Injury,19:51:02
2018,Wednesday,Nassau Street,Motor Vehicle Crash - No Injury,11:06:45
2018,Wednesday,North Harrison Street,Motor Vehicle Crash - No Injury,13:24:37
2018,Wednesday,Jefferson Road,Motor Vehicle Crash - No Injury,21:52:32
2018,Thursday,Elm Road,Motor Vehicle Crash - No Injury,07:59:45
2018,Thursday,Elm Road,Motor Vehicle Crash - No Injury,08:00:10
2018,Thursday,Maple Street,Motor Vehicle Crash - No Injury,08:26:38
2018,Thursday,Hulfish Street,Motor Vehicle Crash - No Injury,11:24:58
2018,Thursday,Nassau Street,Motor Vehicle Crash - No Injury,13:10:08
2018,Thursday,Palmer Square West,Motor Vehicle Crash - No Injury,13:56:31
2018,Thursday,Monument Drive,Motor Vehicle Crash - Injury,14:49:53
2018,Thursday,Monument Drive,Motor Vehicle Crash - Injury,14:51:56
2018,Thursday,Wiggins Street,Motor Vehicle Crash - No Injury,15:27:44
2018,Thursday,Elm Road,Motor Vehicle Crash - No Injury,16:40:47
2018,Friday,River Road,Motor Vehicle Crash - Injury,08:45:55
2018,Friday,Witherspoon Street,Motor Vehicle Crash - No Injury,11:42:35
2018,Friday,Hamilton Avenue,Motor Vehicle Crash - No Injury,11:44:37
2018,Friday,University Place,Motor Vehicle Crash - No Injury,13:05:31
2018,Friday,Nassau Street,Motor Vehicle Crash - No Injury,15:30:51
2018,Friday,Bayard Lane,Motor Vehicle Crash - No Injury,16:28:44
2018,Friday,Pyne Dr - W ,Motor Vehicle Crash - No Injury,16:37:41
2018,Friday,Stockton Street,Motor Vehicle Crash - No Injury,19:22:42
2018,Saturday,South Harrison Street,Motor Vehicle Crash - No Injury,00:10:32
2018,Saturday,Mercer Street,Motor Vehicle Crash - Injury,22:36:57
2018,Monday,North Harrison Street,Motor Vehicle Crash - No Injury,15:19:47
2018,Monday,Mercer Street,Motor Vehicle Crash - No Injury,17:32:20
2018,Tuesday,Lovers Lane,Motor Vehicle Crash - No Injury,18:22:48
2018,Thursday,State Road,Motor Vehicle Crash - No Injury,13:27:08
2018,Thursday,North Harrison Street,Motor Vehicle Crash - No Injury,13:53:04
2018,Friday,Greenview Avenue,Motor Vehicle Crash - No Injury,12:59:57
2018,Saturday,Vandeventer Avenue,Motor Vehicle Crash - No Injury,18:37:15
2018,Saturday,Washington Road,Motor Vehicle Crash - No Injury,22:48:19
2018,Sunday,Witherspoon Street,Motor Vehicle Crash - No Injury,09:51:47
2018,Sunday,Nassau Street,Motor Vehicle Crash - No Injury,10:57:42
2018,Monday,Mountain Avenue,Motor Vehicle Crash - No Injury,12:32:31
2018,Monday,Witherspoon Street,Motor Vehicle Crash - No Injury,13:53:34
2018,Monday,Great Road,Motor Vehicle Crash - No Injury,15:43:30
2018,Tuesday,University Place,Motor Vehicle Crash - No Injury,13:45:19
2018,Tuesday,Mercer Street,Motor Vehicle Crash - Injury,16:54:45
2018,Tuesday,Mercer Street,Motor Vehicle Crash - Injury,16:54:52
2018,Wednesday,Chambers Street,Motor Vehicle Crash - Injury,16:49:21
2018,Wednesday,Mercer Street,Motor Vehicle Crash - No Injury,19:07:37
2018,Thursday,State Road,Motor Vehicle Crash - No Injury,08:13:30
2018,Thursday,Monument Drive,Motor Vehicle Crash - Injury,13:05:25
2018,Friday,Hodge Road,Motor Vehicle Crash - No Injury,08:22:02
2018,Friday,Elm Road,Motor Vehicle Crash - No Injury,13:47:52
2018,Friday,Cherry Valley Road,Motor Vehicle Crash - Injury,15:57:38
2018,Friday,Vandeventer Avenue,Motor Vehicle Crash - No Injury,18:59:37
2018,Saturday,Mount Lucas Road,Motor Vehicle Crash - Injury,15:58:47
2018,Monday,State Road,Motor Vehicle Crash - No Injury,11:28:37
2018,Monday,Alexander Street,Motor Vehicle Crash - Injury,16:30:13
2018,Monday,Witherspoon Street,Motor Vehicle Crash - No Injury,18:11:40
2018,Tuesday,Stockton Street,Motor Vehicle Crash - No Injury,10:04:42
2018,Tuesday,Hemlock Circle,Motor Vehicle Crash - No Injury,11:34:05
2018,Tuesday,Lawrenceville Road,Motor Vehicle Crash - Injury,15:28:57
2018,Tuesday,North Harrison Street,Motor Vehicle Crash - No Injury,16:54:08
2018,Tuesday,Wiggins Street,Motor Vehicle Crash - No Injury,18:56:34
2018,Tuesday,Mercer Street,Motor Vehicle Crash - No Injury,19:07:35
2018,Tuesday,Cleveland lane,Motor Vehicle Crash - No Injury,19:28:00
2018,Wednesday,Witherspoon Street,Motor Vehicle Crash - No Injury,08:08:19
2018,Wednesday,State Road,Motor Vehicle Crash - No Injury,09:13:28
2018,Wednesday,Moore Street,Motor Vehicle Crash - No Injury,09:23:14
2018,Wednesday,Valley Road,Motor Vehicle Crash - No Injury,22:12:43
2018,Thursday,Linden Lane,Motor Vehicle Crash - No Injury,10:40:28
2018,Thursday,Nassau Street,Motor Vehicle Crash - No Injury,12:35:50
2018,Thursday,Nassau Street,Motor Vehicle Crash - No Injury,14:24:23
2018,Thursday,North Harrison Street,Motor Vehicle Crash - No Injury,14:41:54
2018,Thursday,Bayard Lane,Motor Vehicle Crash - No Injury,18:29:21
2018,Friday,Cherry Hill Road,Motor Vehicle Crash - No Injury,01:16:56
2018,Friday,Nassau Street,Motor Vehicle Crash - No Injury,07:59:58
2018,Friday,Jefferson Road,Motor Vehicle Crash - No Injury,10:04:35
2018,Friday,Palmer Square East,Motor Vehicle Crash - No Injury,12:45:30
2018,Friday,Nassau Street,Motor Vehicle Crash - No Injury,13:19:15
2018,Friday,Mercer Street,Motor Vehicle Crash - No Injury,17:25:38
2018,Friday,Mercer Street,Motor Vehicle Crash - No Injury,19:11:46
2018,Friday,Faculty Road,Motor Vehicle Crash - No Injury,21:33:14
2018,Saturday,Spring Street,Motor Vehicle Crash - No Injury,16:22:42
2018,Saturday,Washington Road,Motor Vehicle Crash - No Injury,19:00:29
2018,Saturday,Mercer Street,Motor Vehicle Crash - No Injury,19:25:17
2018,Saturday,Nassau Street,Motor Vehicle Crash - No Injury,20:31:32
2018,Saturday,University Place,Motor Vehicle Crash - No Injury,22:28:24
2018,Sunday,Faculty Road,Motor Vehicle Crash - No Injury,15:08:53
2018,Monday,Dickinson Street,Motor Vehicle Crash - No Injury,18:51:59
2018,Tuesday,State Road,Motor Vehicle Crash - No Injury,12:04:27
2018,Tuesday,Nassau Street,Motor Vehicle Crash - No Injury,14:56:14
2018,Tuesday,Spring Street,Motor Vehicle Crash - No Injury,18:39:44
2018,Wednesday,Lawrenceville Road,Motor Vehicle Crash - No Injury,03:16:27
2018,Wednesday,Bayard Lane,Motor Vehicle Crash - No Injury,12:31:32
2018,Wednesday,Jefferson Road,Motor Vehicle Crash - No Injury,14:43:31
2018,Wednesday,Stockton Street,Motor Vehicle Crash - No Injury,15:57:43
2018,Thursday,,Motor Vehicle Crash - No Injury,02:21:08
2018,Thursday,Princeton Kingston Road,Motor Vehicle Crash - Injury,03:41:31
2018,Thursday,Nassau Street,Motor Vehicle Crash - No Injury,17:36:47
2018,Friday,Faculty Road,Motor Vehicle Crash - No Injury,09:19:28
2018,Friday,North Harrison Street,Motor Vehicle Crash - No Injury,13:03:16
2018,Friday,Spring Street,Motor Vehicle Crash - No Injury,13:22:39
2018,Friday,Mount Lucas Road,Motor Vehicle Crash - No Injury,14:48:43
2018,Saturday,Stockton Street,Motor Vehicle Crash - No Injury,10:52:59
2018,Saturday,Mercer Road,Motor Vehicle Crash - No Injury,15:28:53
2018,Sunday,Princeton Kingston Road,Motor Vehicle Crash - No Injury,17:44:40
2018,Wednesday,Hulfish Street,Motor Vehicle Crash - No Injury,08:31:32
2018,Wednesday,Witherspoon Street,Motor Vehicle Crash - No Injury,11:18:54
2018,Wednesday,Witherspoon Street,Motor Vehicle Crash - No Injury,11:23:02
2018,Wednesday,Nassau Street,Motor Vehicle Crash - No Injury,12:16:31
2018,Wednesday,Mercer Road,Motor Vehicle Crash - No Injury,15:53:43
2018,Wednesday,Chambers Street,Motor Vehicle Crash - No Injury,20:40:59
2018,Thursday,Washington Road,Motor Vehicle Crash - Injury,09:32:42
2018,Thursday,Nassau Street,Motor Vehicle Crash - No Injury,14:27:53
2018,Thursday,Nassau Street,Motor Vehicle Crash - No Injury,14:26:37
2018,Thursday,Nassau Street,Motor Vehicle Crash - No Injury,14:41:07
2018,Friday,State Road,Motor Vehicle Crash - Injury,08:52:49
2018,Friday,Nassau Street,Motor Vehicle Crash - No Injury,13:27:47
2018,Friday,Mount Lucas Road,Motor Vehicle Crash - Injury,16:46:26
2018,Saturday,Nassau Street,Motor Vehicle Crash - No Injury,19:34:10
2018,Monday,Nassau Street,Motor Vehicle Crash - No Injury,08:34:24
2018,Monday,Cherry Hill Road,Motor Vehicle Crash - No Injury,12:38:41
2018,Monday,Mercer Road,Motor Vehicle Crash - Injury,15:58:11
2018,Tuesday,Paul Robeson Place,Motor Vehicle Crash - No Injury,16:42:45
2018,Wednesday,Cleveland lane,Motor Vehicle Crash - No Injury,10:59:17
2018,Wednesday,North Harrison Street,Motor Vehicle Crash - No Injury,12:09:55
2018,Wednesday,Mercer Road,Motor Vehicle Crash - No Injury,12:40:51
2018,Wednesday,Nassau Street,Motor Vehicle Crash - Injury,19:13:14
2018,Thursday,State Road,Motor Vehicle Crash - No Injury,13:35:19
2018,Thursday,Hamilton Avenue,Motor Vehicle Crash - No Injury,20:38:01
2018,Friday,Nassau Street,Motor Vehicle Crash - No Injury,12:59:43
2018,Saturday,Alexander Street,Motor Vehicle Crash - No Injury,00:20:19
2018,Saturday,Spring Street,Motor Vehicle Crash - No Injury,12:30:28
2018,Saturday,Gordon Way,Motor Vehicle Crash - No Injury,12:56:37
2018,Saturday,Palmer Square West,Motor Vehicle Crash - No Injury,13:37:27
2018,Saturday,Spring Street,Motor Vehicle Crash - No Injury,18:55:08
2018,Sunday,State Road,Motor Vehicle Crash - No Injury,12:01:38
2018,Sunday,Alexander Street,Motor Vehicle Crash - No Injury,17:44:07
2018,Monday,Province Line Road,Motor Vehicle Crash - No Injury,09:03:12
2018,Monday,Nassau Street,Motor Vehicle Crash - No Injury,11:42:51
2018,Monday,Princeton Kingston Road,Motor Vehicle Crash - No Injury,18:01:25
2018,Monday,Prospect Avenue,Motor Vehicle Crash - No Injury,19:10:34
2018,Tuesday,Wiggins Street,Motor Vehicle Crash - No Injury,11:50:30
2018,Wednesday,Lake Drive,Motor Vehicle Crash - No Injury,10:40:35
2018,Wednesday,University Place,Motor Vehicle Crash - No Injury,17:11:23
2018,Wednesday,Bunn Drive,Motor Vehicle Crash - No Injury,17:19:43
2018,Thursday,University Place,Motor Vehicle Crash - No Injury,08:58:37
2018,Thursday,Stuart Road,Motor Vehicle Crash - No Injury,08:52:44
2018,Thursday,Great Road,Motor Vehicle Crash - No Injury,08:56:05
2018,Thursday,Hulfish Street,Motor Vehicle Crash - No Injury,14:16:36
2018,Thursday,North Harrison Street,Motor Vehicle Crash - No Injury,14:36:03
2018,Thursday,Nassau Street,Motor Vehicle Crash - No Injury,15:56:28
2018,Thursday,Nassau Street,Motor Vehicle Crash - No Injury,16:01:19
2018,Friday,South Harrison Street,Motor Vehicle Crash - No Injury,08:03:32
2018,Friday,Olden Lane,Motor Vehicle Crash - No Injury,15:35:27
2018,Friday,William Street,Motor Vehicle Crash - No Injury,20:24:18
2018,Saturday,Cherry Valley Road,Motor Vehicle Crash - No Injury,09:47:55
2018,Sunday,Bayard Lane,Motor Vehicle Crash - No Injury,17:10:44
2018,Monday,State Road,Motor Vehicle Crash - No Injury,07:44:30
2018,Monday,State Road,Motor Vehicle Crash - No Injury,07:42:19
2018,Monday,Torrey Lane,Motor Vehicle Crash - No Injury,14:05:05
2018,Monday,Quaker Road,Motor Vehicle Crash - No Injury,15:45:40
2018,Monday,Mercer Road,Motor Vehicle Crash - No Injury,21:10:49
2018,Monday,Hodge Road,Motor Vehicle Crash - Injury,21:29:46
2018,Tuesday,Mercer Road,Motor Vehicle Crash - No Injury,14:22:35
2018,Thursday,Mercer Road,Motor Vehicle Crash - Injury,09:26:26
2018,Thursday,Nassau Street,Motor Vehicle Crash - No Injury,15:31:56
2018,Friday,Great Road,Motor Vehicle Crash - No Injury,13:06:08
2018,Friday,John Street,Motor Vehicle Crash - No Injury,18:45:25
2018,Sunday,Lawrenceville Road,Motor Vehicle Crash - No Injury,07:33:45
2018,Sunday,Nassau Street,Motor Vehicle Crash - No Injury,15:23:24
2018,Sunday,Nassau Street,Motor Vehicle Crash - No Injury,15:36:56
2018,Sunday,Edwards Place,Motor Vehicle Crash - No Injury,17:02:47
2018,Monday,Nassau Street,Motor Vehicle Crash - No Injury,09:18:21
2018,Monday,Nassau Street,Motor Vehicle Crash - No Injury,14:00:05
2018,Monday,Rosedale Road,Motor Vehicle Crash - Injury,16:47:10
2018,Tuesday,University Place,Motor Vehicle Crash - No Injury,08:24:06
2018,Wednesday,Terhune Road,Motor Vehicle Crash - No Injury,13:32:29
2018,Wednesday,Nassau Street,Motor Vehicle Crash - No Injury,17:34:02
2018,Wednesday,State Road,Motor Vehicle Crash - No Injury,20:08:45
2018,Thursday,Race Street,Motor Vehicle Crash - No Injury,23:06:59
2018,Friday,Leigh Avenue,Motor Vehicle Crash - No Injury,13:18:54
2018,Friday,Mercer Road,Motor Vehicle Crash - No Injury,15:27:05
2018,Sunday,Lovers Lane,Motor Vehicle Crash - No Injury,10:24:54
2018,Sunday,Oak Lane,Motor Vehicle Crash - No Injury,14:29:15
2018,Sunday,Washington Road,Motor Vehicle Crash - No Injury,17:32:21
2018,Sunday,hamilton Avenue,Motor Vehicle Crash - No Injury,17:36:28
2018,Monday,State Road,Motor Vehicle Crash - No Injury,11:33:52
2018,Monday,Spring Street,Motor Vehicle Crash - No Injury,13:37:14
2018,Monday,Stuart Road East,Motor Vehicle Crash - No Injury,16:15:23
2018,Monday,Bayard Lane,Motor Vehicle Crash - No Injury,18:42:45
2018,Monday,Witherspoon Street,Motor Vehicle Crash - No Injury,21:25:35
2018,Tuesday,Bayard Lane,Motor Vehicle Crash - No Injury,09:47:49
2018,Tuesday,Washington Road,Motor Vehicle Crash - No Injury,16:35:47
2018,Wednesday,Princeton Kingston Road,Motor Vehicle Crash - No Injury,05:21:52
2018,Wednesday,Princeton Kingston Road,Motor Vehicle Crash - No Injury,05:24:03
2018,Wednesday,Mercer Street,Motor Vehicle Crash - No Injury,23:00:37
2018,Thursday,Valley Road,Motor Vehicle Crash - No Injury,08:11:58
2018,Thursday,William Street,Motor Vehicle Crash - No Injury,02:32:41
2018,Friday,Mercer Road,Motor Vehicle Crash - No Injury,17:15:41
2018,Friday,Princeton Kingston Road,Motor Vehicle Crash - No Injury,17:34:39
2018,Saturday,South Harrison Street,Motor Vehicle Crash - No Injury,18:21:05
2018,Sunday,Alexander Street,Motor Vehicle Crash - No Injury,07:57:08
2018,Sunday,Alexander Street,Motor Vehicle Crash - No Injury,18:24:19
2018,Monday,Stockton Street,Motor Vehicle Crash - No Injury,12:40:45
2018,Monday,North Harrison Street,Motor Vehicle Crash - No Injury,13:21:46
2018,Monday,Chambers Street,Motor Vehicle Crash - No Injury,14:18:49
2018,Tuesday,Nassau Street,Motor Vehicle Crash - No Injury,09:32:36
2018,Tuesday,State Road,Motor Vehicle Crash - No Injury,12:39:14
2018,Tuesday,Bayard Lane,Motor Vehicle Crash - No Injury,13:54:15
2018,Wednesday,Valley Road,Motor Vehicle Crash - Injury,14:05:44
2018,Wednesday,Bayard Lane,Motor Vehicle Crash - Injury,22:43:35
2018,Thursday,Mercer Road,Motor Vehicle Crash - No Injury,21:06:30
2018,Friday,Nassau Street,Motor Vehicle Crash - No Injury,16:35:23
2018,Friday,Nassau Street,Motor Vehicle Crash - No Injury,21:28:23
2018,Saturday,State Road,Motor Vehicle Crash - No Injury,12:47:54
2018,Saturday,Valley Road,Motor Vehicle Crash - No Injury,19:28:31
2018,Sunday,Elm Road,Motor Vehicle Crash - Injury,13:55:56
2018,Monday,Valley Road,Motor Vehicle Crash - No Injury,08:44:25
2018,Monday,Spruce Street,Motor Vehicle Crash - No Injury,11:41:31
2018,Monday,State Road,Motor Vehicle Crash - No Injury,14:36:09
2018,Monday,State Road,Motor Vehicle Crash - No Injury,16:17:51
2018,Tuesday,Nassau Street,Motor Vehicle Crash - No Injury,13:15:54
2018,Wednesday,Mercer Road,Motor Vehicle Crash - No Injury,09:09:33
2018,Wednesday,Nassau Street,Motor Vehicle Crash - No Injury,12:06:09
2018,Wednesday,Jefferson Road,Motor Vehicle Crash - Injury,13:09:40
2018,Thursday,State Road,Motor Vehicle Crash - No Injury,12:16:57
2018,Thursday,Queenston Place,Motor Vehicle Crash - No Injury,14:08:43
2018,Thursday,Prospect Avenue,Motor Vehicle Crash - No Injury,14:34:00
2018,Thursday,Mountain Avenue,Motor Vehicle Crash - No Injury,16:31:00
2018,Friday,State Road,Motor Vehicle Crash - Injury,11:04:40
2018,Friday,State Road,Motor Vehicle Crash - Injury,11:05:36
2018,Friday,Nassau Street,Motor Vehicle Crash - No Injury,17:57:19
2018,Saturday,Valley Road,Motor Vehicle Crash - No Injury,09:47:32
2018,Saturday,Bayard Lane,Motor Vehicle Crash - No Injury,10:40:03
2018,Monday,Elm Road,Motor Vehicle Crash - No Injury,15:59:45
2018,Tuesday,State Road,Motor Vehicle Crash - No Injury,06:51:36
2018,Tuesday,Stockton Street,Motor Vehicle Crash - Injury,08:32:52
2018,Tuesday,Snowden Lane,Motor Vehicle Crash - No Injury,10:30:44
2018,Tuesday,South Harrison Street,Motor Vehicle Crash - No Injury,16:33:06
2018,Tuesday,Washington Road,Motor Vehicle Crash - No Injury,20:08:29
2018,Wednesday,Mercer Road,Motor Vehicle Crash - No Injury,12:36:12
2018,Wednesday,Nassau Street,Motor Vehicle Crash - No Injury,19:26:27
2018,Thursday,Great Road,Motor Vehicle Crash - No Injury,13:45:56
2018,Thursday,Stockton Street,Motor Vehicle Crash - No Injury,15:28:44
2018,Thursday,Nassau Street,Motor Vehicle Crash - No Injury,19:55:43
2018,Saturday,University Place,Motor Vehicle Crash - No Injury,11:25:02
2018,Monday,Alexander Street,Motor Vehicle Crash - No Injury,07:40:08
2018,Monday,State Road,Motor Vehicle Crash - No Injury,16:09:43
2018,Monday,Nassau Street,Motor Vehicle Crash - No Injury,18:45:31
2018,Tuesday,Leigh Avenue,Motor Vehicle Crash - No Injury,17:04:15
2018,Tuesday,State Road,Motor Vehicle Crash - No Injury,17:09:43
2018,Tuesday,State Road,Motor Vehicle Crash - Injury,17:36:09
2018,Tuesday,Bayard Lane,Motor Vehicle Crash - Injury,18:08:04
2018,Tuesday,Chambers Street,Motor Vehicle Crash - No Injury,18:17:45
2018,Tuesday,Nassau Street,Motor Vehicle Crash - No Injury,18:29:57
2018,Wednesday,Alexander Street,Motor Vehicle Crash - No Injury,13:50:10
2018,Wednesday,Witherspoon Street,Motor Vehicle Crash - No Injury,16:49:22
2018,Wednesday,Witherspoon Street,Motor Vehicle Crash - No Injury,17:10:35
2018,Wednesday,Nassau Street,Motor Vehicle Crash - No Injury,17:42:17
2018,Friday,Princeton Kingston Road,Motor Vehicle Crash - No Injury,13:07:41
2018,Friday,Nassau Street,Motor Vehicle Crash - No Injury,18:55:03
2018,Sunday,Alexander Street,Motor Vehicle Crash - No Injury,17:50:14
2018,Tuesday,Valley Road,Motor Vehicle Crash - No Injury,09:10:40
2018,Thursday,Washington Road,Motor Vehicle Crash - No Injury,12:41:28
2018,Thursday,Dempsey Avenue,Motor Vehicle Crash - Injury,19:22:32
2018,Friday,Bayard Lane,Motor Vehicle Crash - Injury,22:47:05
2018,Saturday,Ewing Street,Motor Vehicle Crash - Injury,09:19:08
2018,Sunday,Ewing Street,Motor Vehicle Crash - Injury,09:06:04
2018,Sunday,University Place,Motor Vehicle Crash - No Injury,10:17:29
2018,Sunday,Washington Road,Motor Vehicle Crash - Injury,10:36:59
2018,Monday,Olden Street,Motor Vehicle Crash - No Injury,08:38:48
2018,Monday,,Motor Vehicle Crash - No Injury,16:10:35
2018,Monday,Bayard Lane,Motor Vehicle Crash - No Injury,16:10:52
2018,Tuesday,Valley Road,Motor Vehicle Crash - No Injury,11:29:59
2018,Tuesday,Spring Street,Motor Vehicle Crash - No Injury,13:07:38
2018,Tuesday,Leigh Avenue,Motor Vehicle Crash - No Injury,14:28:53
2018,Tuesday,Palmer Square East,Motor Vehicle Crash - No Injury,16:02:37
2018,Tuesday,River Road,Motor Vehicle Crash - No Injury,19:15:16
2018,Wednesday,Walnut Lane,Motor Vehicle Crash - No Injury,15:22:53
2018,Wednesday,John Street,Motor Vehicle Crash - No Injury,18:10:56
2018,Thursday,Nassau Street,Motor Vehicle Crash - No Injury,10:51:37
2018,Thursday,Spring Street,Motor Vehicle Crash - No Injury,11:43:19
2018,Thursday,Valley Road,Motor Vehicle Crash - No Injury,16:47:39
2018,Thursday,Palmer Square East,Motor Vehicle Crash - No Injury,20:24:28
2018,Friday,Witherspoon Street,Motor Vehicle Crash - No Injury,11:11:08
2018,Friday,Prospect Avenue,Motor Vehicle Crash - No Injury,12:17:28
2018,Friday,North Harrison Street,Motor Vehicle Crash - No Injury,14:59:40
2018,Friday,State Road,Motor Vehicle Crash - No Injury,18:31:44
2018,Saturday,Elm Road,Motor Vehicle Crash - No Injury,12:53:42
2018,Saturday,Chambers Street,Motor Vehicle Crash - No Injury,18:01:42
2018,Sunday,Alexander Street,Motor Vehicle Crash - No Injury,10:26:04
2018,Tuesday,Snowden Lane,Motor Vehicle Crash - No Injury,16:26:04
2018,Tuesday,University Place,Motor Vehicle Crash - No Injury,17:33:55
2018,Tuesday,Linden Lane,Motor Vehicle Crash - No Injury,17:51:20
2018,Tuesday,Stockton Street,Motor Vehicle Crash - No Injury,18:56:26
2018,Wednesday,Nassau Street,Motor Vehicle Crash - No Injury,15:34:23
2018,Thursday,Palmer Square East,Motor Vehicle Crash - No Injury,13:57:42
2018,Thursday,Nassau Street,Motor Vehicle Crash - No Injury,17:09:40
2018,Thursday,Washington Rd ,Motor Vehicle Crash - No Injury,17:03:25
2018,Friday,Nassau Street,Motor Vehicle Crash - No Injury,06:12:56
2018,Friday,Valley Road,Motor Vehicle Crash - No Injury,08:19:40
2018,Saturday,Nassau Street,Motor Vehicle Crash - No Injury,09:53:00
2018,Saturday,Nassau Street,Motor Vehicle Crash - No Injury,14:01:25
2018,Monday,North Harrison Street,Motor Vehicle Crash - No Injury,10:49:08
2018,Monday,Alexander Street,Motor Vehicle Crash - Injury,11:49:08
2018,Tuesday,Great Road,Motor Vehicle Crash - No Injury,07:59:18
2018,Tuesday,Witherspoon Street,Motor Vehicle Crash - No Injury,15:09:47
2018,Tuesday,Nassau Street,Motor Vehicle Crash - No Injury,17:36:53
2018,Tuesday,Mercer Street,Motor Vehicle Crash - No Injury,18:01:51
2018,Tuesday,Mercer Street,Motor Vehicle Crash - No Injury,18:01:57
2018,Tuesday,Mercer Road,Motor Vehicle Crash - No Injury,18:07:23
2018,Tuesday,Bayard Lane,Motor Vehicle Crash - No Injury,20:08:36
2018,Wednesday,Great Road,Motor Vehicle Crash - No Injury,08:00:14
2018,Wednesday,Monument Drive,Motor Vehicle Crash - No Injury,13:43:01
2018,Wednesday,Princeton Kingston Road,Motor Vehicle Crash - No Injury,17:04:32
2018,Thursday,Lawrence Drive,Motor Vehicle Crash - No Injury,14:17:48
2018,Friday,Chestnut Street,Motor Vehicle Crash - No Injury,07:39:10
2018,Friday,Witherspoon Street,Motor Vehicle Crash - No Injury,08:57:58
2018,Friday,Stockton Street,Motor Vehicle Crash - No Injury,09:51:25
2018,Friday,Vandeventer Avenue,Motor Vehicle Crash - No Injury,10:09:56
2018,Friday,Elm Road,Motor Vehicle Crash - No Injury,16:27:31
2018,Friday,Mercer Street,Motor Vehicle Crash - No Injury,19:43:01
2018,Saturday,North Harrison Street,Motor Vehicle Crash - No Injury,11:17:34
2018,Saturday,Nassau Street,Motor Vehicle Crash - No Injury,12:49:39
2018,Saturday,Vandeventer Avenue,Motor Vehicle Crash - No Injury,16:54:47
2018,Sunday,Rosedale Road,Motor Vehicle Crash - No Injury,10:34:12
2018,Sunday,North Harrison Street,Motor Vehicle Crash - Injury,11:41:56
2018,Monday,Terhune Road,Motor Vehicle Crash - Injury,08:01:18
2018,Monday,State Road,Motor Vehicle Crash - No Injury,11:54:06
2018,Monday,Witherspoon Street,Motor Vehicle Crash - No Injury,13:03:29
2018,Monday,Nassau Street,Motor Vehicle Crash - No Injury,14:40:15
2018,Tuesday,Stockton Street,Motor Vehicle Crash - No Injury,09:32:02
2018,Tuesday,Cherry Valley Road,Motor Vehicle Crash - No Injury,12:46:50
2018,Tuesday,Quaker Road,Motor Vehicle Crash - Injury,14:47:57
2018,Tuesday,Washington Road,Motor Vehicle Crash - No Injury,16:36:05
2018,Tuesday,Washington Road,Motor Vehicle Crash - No Injury,22:28:50
2018,Wednesday,Great Road,Motor Vehicle Crash - No Injury,09:13:19
2018,Wednesday,Nassau Street,Motor Vehicle Crash - No Injury,10:56:28
2018,Wednesday,State Road,Motor Vehicle Crash - No Injury,16:08:28
2018,Wednesday,State Road,Motor Vehicle Crash - No Injury,18:04:00
2018,Thursday,state Road,Motor Vehicle Crash - No Injury,07:54:50
2018,Thursday,Nassau Street,Motor Vehicle Crash - No Injury,10:44:12
2018,Thursday,Valley Road,Motor Vehicle Crash - No Injury,21:19:04
2018,Friday,Nassau Street,Motor Vehicle Crash - No Injury,13:15:36
2018,Friday,Library Place,Motor Vehicle Crash - No Injury,15:51:51
2018,Saturday,North Harrison Street,Motor Vehicle Crash - No Injury,09:35:21
2018,Saturday,Palmer Square East,Motor Vehicle Crash - No Injury,13:02:13
2018,Saturday,Witherspoon Street,Motor Vehicle Crash - No Injury,16:18:16
2018,Saturday,Hamilton Avenue,Motor Vehicle Crash - No Injury,21:49:33
2018,Sunday,Washington Road,Motor Vehicle Crash - No Injury,09:52:09
2018,Sunday,Cherry Valley Road,Motor Vehicle Crash - Injury,11:45:47
2018,Sunday,Witherspoon Street,Motor Vehicle Crash - No Injury,16:09:26
2018,Sunday,Hamilton Avenue,Motor Vehicle Crash - No Injury,17:50:53
2018,Sunday,Washington Rd ,Motor Vehicle Crash - No Injury,20:45:14
2018,Monday,Park Place,Motor Vehicle Crash - No Injury,09:11:15
2018,Tuesday,Quaker Road,Motor Vehicle Crash - No Injury,12:32:10
2018,Tuesday,Mount Lucas Road,Motor Vehicle Crash - No Injury,15:18:52
2018,Tuesday,Nassau Street,Motor Vehicle Crash - No Injury,15:24:52
2018,Wednesday,Great Road,Motor Vehicle Crash - No Injury,08:59:15
2018,Wednesday,Great Road,Motor Vehicle Crash - Injury,09:02:52
2018,Wednesday,State Road,Motor Vehicle Crash - No Injury,15:31:22
2018,Thursday,State Road,Motor Vehicle Crash - No Injury,02:07:05
2018,Thursday,Spring Street,Motor Vehicle Crash - No Injury,08:50:58
2018,Thursday,Bayard Lane,Motor Vehicle Crash - No Injury,11:07:00
2018,Thursday,Stockton Street,Motor Vehicle Crash - No Injury,12:25:49
2018,Thursday,State Road,Motor Vehicle Crash - No Injury,16:39:11
2018,Thursday,State Road,Motor Vehicle Crash - No Injury,16:38:05
2018,Thursday,Mercer Road,Motor Vehicle Crash - Injury,20:26:53
2018,Friday,State Road,Motor Vehicle Crash - No Injury,12:27:54
2018,Friday,BIrch Avenue,Motor Vehicle Crash - No Injury,12:45:46
2018,Friday,Poe Road,Motor Vehicle Crash - No Injury,15:23:37
2018,Friday,Library Place,Motor Vehicle Crash - No Injury,15:45:36
2018,Friday,Mercer Street,Motor Vehicle Crash - No Injury,18:15:18
2018,Saturday,Pretty Brook Road,Motor Vehicle Crash - No Injury,05:34:34
2018,Saturday,Washington Road,Motor Vehicle Crash - No Injury,10:08:31
2018,Saturday,Bunn Drive,Motor Vehicle Crash - No Injury,12:44:39
2018,Saturday,Nassau Street,Motor Vehicle Crash - No Injury,17:43:03
2018,Monday,University Place,Motor Vehicle Crash - No Injury,09:58:12
2018,Monday,North Harrison Street,Motor Vehicle Crash - No Injury,14:05:50
2018,Monday,Elm Road,Motor Vehicle Crash - No Injury,15:13:12
2018,Monday,Walnut Lane,Motor Vehicle Crash - No Injury,15:42:15
2018,Monday,Quaker Road,Motor Vehicle Crash - Injury,15:56:45
2018,Tuesday,Mercer Road,Motor Vehicle Crash - No Injury,08:15:18
2018,Tuesday,Alexander Street,Motor Vehicle Crash - No Injury,16:45:12
2018,Wednesday,Valley Road,Motor Vehicle Crash - No Injury,15:03:23
2018,Wednesday,Winfield Road,Motor Vehicle Crash - No Injury,15:31:53
2018,Thursday,Stuart Road,Motor Vehicle Crash - Injury,09:42:07
2018,Thursday,Nassau Street,Motor Vehicle Crash - No Injury,19:53:02
2018,Friday,Jefferson Road,Motor Vehicle Crash - Injury,19:33:35
2018,Saturday,Wiggins Street,Motor Vehicle Crash - No Injury,13:38:03
2018,Saturday,Stockton street,Motor Vehicle Crash - No Injury,18:54:23
2018,Saturday,Prospect Avenue,Motor Vehicle Crash - No Injury,23:45:32
2018,Sunday,Nassau Street,Motor Vehicle Crash - No Injury,12:24:15
2018,Sunday,Mount Lucas Road,Motor Vehicle Crash - No Injury,12:49:56
2018,Sunday,Linden Lane,Motor Vehicle Crash - Injury,16:14:33
2018,Sunday,Quaker Road,Motor Vehicle Crash - No Injury,23:10:04
2018,Tuesday,Nassau Street,Motor Vehicle Crash - No Injury,08:16:52
2018,Tuesday,Nassau Street,Motor Vehicle Crash - No Injury,08:42:15
2018,Tuesday,Washington Road,Motor Vehicle Crash - No Injury,13:40:11
2018,Tuesday,Bayard Lane,Motor Vehicle Crash - No Injury,14:18:20
2018,Wednesday,South Harrison Street,Motor Vehicle Crash - Injury,07:20:44
2018,Wednesday,Cherry Hill Road,Motor Vehicle Crash - No Injury,08:23:56
2018,Wednesday,Bunn Drive,Motor Vehicle Crash - No Injury,10:22:43
2018,Thursday,Washington Road,Motor Vehicle Crash - No Injury,09:33:35
2018,Thursday,Paul Robeson Place,Motor Vehicle Crash - No Injury,10:16:26
2018,Thursday,North Harrison Street,Motor Vehicle Crash - No Injury,13:45:22
2018,Thursday,Stuart Road,Motor Vehicle Crash - No Injury,15:25:28
2018,Thursday,Stockton Street,Motor Vehicle Crash - No Injury,18:28:49
2018,Friday,Bayard Lane,Motor Vehicle Crash - Injury,11:20:51
2018,Friday,Nassau Street,Motor Vehicle Crash - No Injury,19:32:43
2018,Saturday,Sergeant Street,Motor Vehicle Crash - Injury,08:25:27
2018,Saturday,Washington Road,Motor Vehicle Crash - No Injury,10:20:24
2018,Saturday,Cherry Valley Road,Motor Vehicle Crash - No Injury,11:23:49
2018,Saturday,Nassau Street,Motor Vehicle Crash - No Injury,13:25:20
2018,Saturday,Great Road,Motor Vehicle Crash - Injury,19:02:14
2018,Sunday,North Harrison Street,Motor Vehicle Crash - No Injury,08:05:25
2018,Sunday,Quaker Road,Motor Vehicle Crash - No Injury,08:52:54
2018,Sunday,Spring Street,Motor Vehicle Crash - No Injury,16:32:49
2018,Sunday,Nassau Street,Motor Vehicle Crash - No Injury,21:13:54
2018,Monday,Linden Lane,Motor Vehicle Crash - No Injury,13:38:45
2018,Monday,Shady Brook Lane,Motor Vehicle Crash - No Injury,13:55:01
2018,Tuesday,Walnut Lane,Motor Vehicle Crash - No Injury,09:22:46
2018,Tuesday,Rosedale Road,Motor Vehicle Crash - No Injury,13:33:39
2018,Tuesday,College Road,Motor Vehicle Crash - No Injury,16:45:59
2018,Wednesday,University Place,Motor Vehicle Crash - No Injury,07:36:42
2018,Wednesday,Stuart Road West,Motor Vehicle Crash - No Injury,14:55:24
2018,Wednesday,Stockton Street,Motor Vehicle Crash - No Injury,15:55:47
2018,Wednesday,State Road ,Motor Vehicle Crash - No Injury,16:20:06
2018,Wednesday,Cherry Valley Road,Motor Vehicle Crash - No Injury,18:51:30
2018,Thursday,Spring Street,Motor Vehicle Crash - No Injury,10:06:37
2018,Thursday,Nassau Street,Motor Vehicle Crash - No Injury,10:57:48
2018,Thursday,Jefferson Road,Motor Vehicle Crash - No Injury,14:00:37
2018,Thursday,North Harrison Street,Motor Vehicle Crash - No Injury,15:15:17
2018,Thursday,Stockton Street,Motor Vehicle Crash - No Injury,15:49:36
2018,Friday,Spring Street,Motor Vehicle Crash - No Injury,16:24:17
2018,Friday,South Tulane Street,Motor Vehicle Crash - No Injury,18:28:26
2018,Friday,Moran Avenue,Motor Vehicle Crash - No Injury,18:47:35
2018,Saturday,Mercer Street,Motor Vehicle Crash - No Injury,14:44:20
2018,Saturday,Spring Street,Motor Vehicle Crash - No Injury,16:21:43
2018,Monday,Charlton Street,Motor Vehicle Crash - No Injury,13:44:43
2018,Monday,Stockton Street,Motor Vehicle Crash - No Injury,16:37:22
2018,Tuesday,Mercer Road,Motor Vehicle Crash - No Injury,14:57:47
2018,Wednesday,State Road,Motor Vehicle Crash - No Injury,11:13:17
2018,Wednesday,Nassau Street,Motor Vehicle Crash - No Injury,14:30:34
2018,Wednesday,State Road,Motor Vehicle Crash - Injury,15:46:05
2018,Wednesday,Riverside Drive,Motor Vehicle Crash - No Injury,20:16:44
2018,Thursday,Franklin Avenue,Motor Vehicle Crash - No Injury,07:02:45
2018,Thursday,Terhune Road,Motor Vehicle Crash - No Injury,09:11:08
2018,Thursday,North Harrison Street,Motor Vehicle Crash - No Injury,11:23:01
2018,Thursday,State Road,Motor Vehicle Crash - Injury,12:32:08
2018,Friday,Prospect Avenue,Motor Vehicle Crash - No Injury,15:28:00
2018,Saturday,Quaker Road,Motor Vehicle Crash - No Injury,12:45:00
2018,Saturday,Great Road,Motor Vehicle Crash - Injury,18:01:39
2018,Sunday,Washington Road,Motor Vehicle Crash - No Injury,03:19:42
2018,Sunday,Witherspoon Street,Motor Vehicle Crash - No Injury,14:06:48
2018,Monday,Cherry Valley Road,Motor Vehicle Crash - No Injury,14:23:15
2018,Monday,Alexander Street,Motor Vehicle Crash - No Injury,18:13:47
2018,Tuesday,Washington Road,Motor Vehicle Crash - Injury,06:05:15
2018,Tuesday,Washington Rd ,Motor Vehicle Crash - Injury,06:08:46
2018,Tuesday,Charlton Street,Motor Vehicle Crash - No Injury,11:08:23
2018,Tuesday,Prospect Avenue,Motor Vehicle Crash - No Injury,16:20:48
2018,Tuesday,Bunn Drive,Motor Vehicle Crash - Injury,20:03:40
2018,Wednesday,Alexander Street,Motor Vehicle Crash - No Injury,08:32:44
2018,Wednesday,Nassau Street,Motor Vehicle Crash - No Injury,09:09:51
2018,Wednesday,Stockton Street,Motor Vehicle Crash - No Injury,14:37:55
2018,Thursday,Valley Road,Motor Vehicle Crash - No Injury,10:08:36
2018,Thursday,Alexander Street,Motor Vehicle Crash - No Injury,21:38:10
2018,Friday,Washington Rd ,Motor Vehicle Crash - No Injury,19:49:41
2018,Saturday,Nassau Street,Motor Vehicle Crash - No Injury,13:17:03
2018,Saturday,Mercer Street,Motor Vehicle Crash - No Injury,14:49:29
2018,Sunday,Spruce Street,Motor Vehicle Crash - No Injury,00:34:12
2018,Sunday,Hamilton Avenue,Motor Vehicle Crash - No Injury,13:12:47
2018,Monday,Washington Road,Motor Vehicle Crash - No Injury,11:29:20
2018,Monday,Stockton Street,Motor Vehicle Crash - Injury,14:51:43
2018,Monday,Alexander Street,Motor Vehicle Crash - No Injury,17:23:54
2018,Monday,Prospect Avenue,Motor Vehicle Crash - No Injury,17:35:07
2018,Monday,Nassau Street,Motor Vehicle Crash - No Injury,17:58:51
2018,Monday,Washington Road,Motor Vehicle Crash - No Injury,19:07:45
2018,Tuesday,Clubhouse Drive,Motor Vehicle Crash - No Injury,11:34:54
2018,Tuesday,Mercer Road,Motor Vehicle Crash - No Injury,14:40:44
2018,Tuesday,Nassau Street,Motor Vehicle Crash - No Injury,17:10:05
2018,Tuesday,Mercer Road,Motor Vehicle Crash - Injury,18:45:40
2018,Tuesday,Gallup Road,Motor Vehicle Crash - Injury,19:46:31
2018,Wednesday,Bayard Lane,Motor Vehicle Crash - No Injury,07:35:07
2018,Wednesday,Nassau Street,Motor Vehicle Crash - No Injury,11:52:50
2018,Wednesday,Spring Street,Motor Vehicle Crash - No Injury,13:20:35
2018,Wednesday,Alexander Street,Motor Vehicle Crash - No Injury,18:59:55
2018,Wednesday,Alexander Street,Motor Vehicle Crash - No Injury,19:03:35
2018,Thursday,Vandeventer Avenue,Motor Vehicle Crash - Injury,12:31:58
2018,Thursday,Park Place,Motor Vehicle Crash - No Injury,13:18:19
2018,Friday,Park Place,Motor Vehicle Crash - No Injury,13:44:13
2018,Friday,Nassau Street,Motor Vehicle Crash - No Injury,14:11:28
2018,Friday,Great Road,Motor Vehicle Crash - No Injury,15:46:43
2018,Friday,Witherspoon Street,Motor Vehicle Crash - No Injury,22:22:18
2018,Saturday,Witherspoon Street,Motor Vehicle Crash - No Injury,14:49:16
2018,Sunday,Washington Road,Motor Vehicle Crash - No Injury,01:12:54
2018,Sunday,Spring Street,Motor Vehicle Crash - No Injury,13:49:50
2018,Monday,North Harrison Street,Motor Vehicle Crash - No Injury,08:50:20
2018,Monday,Valley Road,Motor Vehicle Crash - No Injury,18:41:51
2018,Tuesday,Snowden Lane,Motor Vehicle Crash - No Injury,08:11:04
2018,Tuesday,Albert Way,Motor Vehicle Crash - No Injury,08:21:23
2018,Wednesday,North Harrison Street,Motor Vehicle Crash - No Injury,11:19:19
2018,Wednesday,Jefferson Road,Motor Vehicle Crash - No Injury,19:36:34
2018,Thursday,Heather Lane,Motor Vehicle Crash - No Injury,12:59:33
2018,Thursday,Great Road,Motor Vehicle Crash - No Injury,13:04:43
2018,Thursday,Gallup Road,Motor Vehicle Crash - No Injury,13:05:36
2018,Thursday,Quaker Road,Motor Vehicle Crash - No Injury,13:02:15
2018,Thursday,State Road,Motor Vehicle Crash - No Injury,13:04:18
2018,Thursday,State Road,Motor Vehicle Crash - No Injury,13:31:59
2018,Thursday,Alexander Street,Motor Vehicle Crash - No Injury,13:14:25
2018,Thursday,Cherry Valley Road,Motor Vehicle Crash - No Injury,13:47:59
2018,Thursday,State Road,Motor Vehicle Crash - No Injury,13:24:14
2018,Thursday,State Road,Motor Vehicle Crash - No Injury,14:15:28
2018,Thursday,Mount Lucas Road,Motor Vehicle Crash - No Injury,14:20:59
2018,Thursday,Nassau Street,Motor Vehicle Crash - No Injury,13:58:59
2018,Thursday,Franklin Avenue,Motor Vehicle Crash - No Injury,14:12:52
2018,Thursday,Edgehill Street,Motor Vehicle Crash - Injury,14:49:46
2018,Thursday,Edgerstoune Road,Motor Vehicle Crash - No Injury,15:05:00
2018,Thursday,Mount Lucas Road,Motor Vehicle Crash - No Injury,14:40:13
2018,Thursday,Princeton Kingston Road,Motor Vehicle Crash - No Injury,14:44:04
2018,Thursday,Mount Lucas Road,Motor Vehicle Crash - No Injury,14:50:01
2018,Thursday,Witherspoon Street,Motor Vehicle Crash - No Injury,15:33:04
2018,Thursday,Washington Road,Motor Vehicle Crash - No Injury,16:26:45
2018,Thursday,Nassau Street,Motor Vehicle Crash - No Injury,16:41:35
2018,Thursday,Herrontown Road,Motor Vehicle Crash - No Injury,17:27:39
2018,Thursday,Mount Lucas Road,Motor Vehicle Crash - No Injury,17:34:35
2018,Thursday,Pretty Brook Road,Motor Vehicle Crash - No Injury,17:55:47
2018,Thursday,Nassau Street,Motor Vehicle Crash - No Injury,18:10:01
2018,Thursday,State Road,Motor Vehicle Crash - No Injury,20:39:09
2018,Thursday,State Road,Motor Vehicle Crash - No Injury,19:45:35
2018,Thursday,State Road,Motor Vehicle Crash - No Injury,20:38:52
2018,Friday,Nassau Street,Motor Vehicle Crash - No Injury,13:14:44
2018,Friday,Alexander Street,Motor Vehicle Crash - No Injury,17:56:58
2018,Friday,Alexander Street,Motor Vehicle Crash - No Injury,20:48:55
2018,Saturday,Wilson Road,Motor Vehicle Crash - No Injury,09:08:57
2018,Saturday,Franklin Avenue,Motor Vehicle Crash - No Injury,12:41:14
2018,Saturday,Moore Street,Motor Vehicle Crash - No Injury,16:33:56
2018,Saturday,North Harrison Street,Motor Vehicle Crash - No Injury,18:19:54
2018,Sunday,Rosedale Road,Motor Vehicle Crash - No Injury,12:57:32
2018,Sunday,Washington Road,Motor Vehicle Crash - No Injury,21:27:37
2018,Monday,North Harrison Street,Motor Vehicle Crash - No Injury,13:50:52
2018,Monday,Nassau St ,Motor Vehicle Crash - No Injury,15:30:52
2018,Monday,College Road,Motor Vehicle Crash - No Injury,18:27:42
2018,Tuesday,Mount Lucas Road,Motor Vehicle Crash - Injury,11:36:43
2018,Tuesday,Nassau Street,Motor Vehicle Crash - No Injury,11:41:57
2018,Wednesday,Park Place,Motor Vehicle Crash - No Injury,13:27:55
2018,Wednesday,Terhune Road,Motor Vehicle Crash - No Injury,17:01:51
2018,Wednesday,Alexander Street,Motor Vehicle Crash - Injury,17:41:40
2018,Friday,Cherry Hill Road,Motor Vehicle Crash - No Injury,14:00:29
2018,Saturday,North Harrison Street,Motor Vehicle Crash - No Injury,00:40:21
2018,Saturday,Stockton Street,Motor Vehicle Crash - No Injury,09:01:00
2018,Saturday,Nassau Street,Motor Vehicle Crash - No Injury,16:00:38
2018,Saturday,Nassau Street,Motor Vehicle Crash - No Injury,21:54:33
2018,Sunday,Spring Street,Motor Vehicle Crash - No Injury,13:30:27
2018,Monday,Bayard Lane,Motor Vehicle Crash - No Injury,13:17:30
2018,Monday,Stockton Street,Motor Vehicle Crash - No Injury,13:57:06
2018,Monday,Alexander Street,Motor Vehicle Crash - Injury,15:49:29
2018,Monday,University Place,Motor Vehicle Crash - No Injury,00:02:19
2018,Tuesday,State Road,Motor Vehicle Crash - No Injury,12:36:14
2018,Tuesday,Mercer Street,Motor Vehicle Crash - No Injury,16:09:01
2018,Tuesday,Mercer Road,Motor Vehicle Crash - Injury,16:13:12
2018,Wednesday,Chestnut Street,Motor Vehicle Crash - No Injury,11:11:55
2018,Wednesday,Linden Lane,Motor Vehicle Crash - No Injury,16:06:56
2018,Wednesday,Nassau Street,Motor Vehicle Crash - No Injury,19:04:09
2018,Thursday,State Road,Motor Vehicle Crash - No Injury,15:57:20
2018,Thursday,Witherspoon Street,Motor Vehicle Crash - No Injury,18:10:35
2018,Thursday,North Harrison Street,Motor Vehicle Crash - No Injury,19:33:45
2018,Friday,Green Street,Motor Vehicle Crash - No Injury,12:34:54
2018,Friday,Alexander Street,Motor Vehicle Crash - No Injury,12:46:43
2018,Friday,Mercer Road,Motor Vehicle Crash - No Injury,14:13:19
2018,Friday,Mercer Road,Motor Vehicle Crash - Injury,14:13:52
2018,Friday,Mercer Road,Motor Vehicle Crash - Injury,14:18:35
2018,Friday,Valley Road,Motor Vehicle Crash - No Injury,19:03:37
2018,Friday,Alexander Street,Motor Vehicle Crash - No Injury,21:55:31
2018,Saturday,Mercer Road,Motor Vehicle Crash - No Injury,13:59:42
2018,Saturday,Madison Street,Motor Vehicle Crash - No Injury,14:05:10
2018,Sunday,Bayard Lane,Motor Vehicle Crash - No Injury,10:40:13
2018,Sunday,Washington Road,Motor Vehicle Crash - No Injury,13:05:06
2018,Sunday,Alexander Street,Motor Vehicle Crash - No Injury,17:18:29
2018,Monday,State Road,Motor Vehicle Crash - Injury,06:53:33
2018,Monday,Quaker Road,Motor Vehicle Crash - No Injury,07:53:34
2018,Monday,Mount Lucas Road,Motor Vehicle Crash - No Injury,08:46:29
2018,Monday,Poor Farm Road,Motor Vehicle Crash - No Injury,08:53:51
2018,Monday,Terhune Road,Motor Vehicle Crash - No Injury,09:29:08
2018,Monday,Nassau Street,Motor Vehicle Crash - No Injury,19:18:03
2018,Tuesday,Cherry Hill Road,Motor Vehicle Crash - No Injury,07:02:19
2018,Tuesday,Witherspoon Street,Motor Vehicle Crash - No Injury,11:51:03
2018,Tuesday,Mercer Road,Motor Vehicle Crash - No Injury,17:17:24
2018,Wednesday,South Harrison Street,Motor Vehicle Crash - No Injury,07:30:45
2018,Wednesday,Alexander Street,Motor Vehicle Crash - Injury,09:36:17
2018,Thursday,Great Road,Motor Vehicle Crash - No Injury,15:59:56
2018,Friday,Vandeventer Avenue,Motor Vehicle Crash - No Injury,16:20:07
2018,Friday,Witherspoon Street,Motor Vehicle Crash - No Injury,16:22:07
2018,Saturday,Washington Road,Motor Vehicle Crash - No Injury,11:32:21
2018,Saturday,River Road,Motor Vehicle Crash - No Injury,21:44:42
2018,Sunday,Hamilton Avenue,Motor Vehicle Crash - No Injury,17:24:20
2018,Monday,State Road,Motor Vehicle Crash - No Injury,18:09:17
2018,Tuesday,North Harrison Street,Motor Vehicle Crash - Injury,11:21:34
2018,Tuesday,Herrontown Road,Motor Vehicle Crash - No Injury,11:58:31
2018,Tuesday,Bunn Drive,Motor Vehicle Crash - No Injury,13:24:27
2018,Tuesday,John Street,Motor Vehicle Crash - No Injury,14:57:37
2018,Tuesday,Rosedale Road,Motor Vehicle Crash - No Injury,15:19:24
2018,Tuesday,Rosedale Road,Motor Vehicle Crash - No Injury,15:21:46
2018,Tuesday,Stockton Street,Motor Vehicle Crash - Injury,17:09:57
2018,Tuesday,Bayard Lane,Motor Vehicle Crash - No Injury,17:56:37
2018,Wednesday,Nassau Street,Motor Vehicle Crash - No Injury,08:52:23
2018,Wednesday,Nassau Street,Motor Vehicle Crash - No Injury,13:17:51
2018,Wednesday,State Road,Motor Vehicle Crash - No Injury,17:01:40
2018,Wednesday,North Harrison Street,Motor Vehicle Crash - No Injury,18:03:57
2018,Wednesday,Terhune Road,Motor Vehicle Crash - No Injury,18:56:23
2018,Thursday,Bayard Lane,Motor Vehicle Crash - No Injury,14:32:46
2018,Thursday,Alexander Street,Motor Vehicle Crash - No Injury,19:25:26
2018,Friday,Witherspoon Street,Motor Vehicle Crash - No Injury,08:38:56
2018,Friday,Paul Robeson Place,Motor Vehicle Crash - No Injury,12:45:56
2018,Friday,State Road,Motor Vehicle Crash - Injury,16:29:21
2018,Friday,Hawthorne Avenue,Motor Vehicle Crash - No Injury,17:51:11
2018,Friday,South Harrison Street,Motor Vehicle Crash - No Injury,18:09:28
2018,Saturday,Princeton Kingston Road,Motor Vehicle Crash - No Injury,02:04:33
2018,Saturday,State Road,Motor Vehicle Crash - No Injury,12:28:47
2018,Saturday,Nassau Street,Motor Vehicle Crash - No Injury,12:31:56
2018,Saturday,Alexander Street,Motor Vehicle Crash - No Injury,12:59:22
2018,Saturday,Spring Street,Motor Vehicle Crash - No Injury,13:14:42
2018,Saturday,Mercer Road,Motor Vehicle Crash - No Injury,14:19:22
2018,Saturday,Terhune Road,Motor Vehicle Crash - No Injury,15:12:32
2018,Saturday,Walnut Lane,Motor Vehicle Crash - No Injury,18:19:43
2018,Saturday,Walnut Lane,Motor Vehicle Crash - No Injury,18:23:02
2018,Saturday,State Road,Motor Vehicle Crash - No Injury,19:44:30
2018,Sunday,Mercer Road,Motor Vehicle Crash - Injury,17:33:51
2018,Monday,Green Street,Motor Vehicle Crash - No Injury,12:40:09
2018,Monday,Lytle Street,Motor Vehicle Crash - No Injury,15:44:58
2018,Tuesday,North Harrison Street,Motor Vehicle Crash - No Injury,07:40:54
2018,Tuesday,Witherspoon Street,Motor Vehicle Crash - No Injury,07:45:49
2018,Tuesday,State Road,Motor Vehicle Crash - No Injury,12:34:38
2018,Tuesday,Nassau Street,Motor Vehicle Crash - No Injury,13:34:58
2018,Tuesday,Nassau Street,Motor Vehicle Crash - No Injury,14:16:53
2018,Tuesday,Moore Street,Motor Vehicle Crash - Injury,15:29:48
2018,Wednesday,Nassau Street,Motor Vehicle Crash - No Injury,12:15:25
2018,Wednesday,Hawthorne Avenue,Motor Vehicle Crash - No Injury,12:55:51
2018,Wednesday,Alexander Street,Motor Vehicle Crash - No Injury,19:30:22
2018,Thursday,Province Line Road,Motor Vehicle Crash - No Injury,15:17:31
2018,Thursday,Province Line Road,Motor Vehicle Crash - Injury,15:25:12
2018,Thursday,Nassau Street,Motor Vehicle Crash - No Injury,16:19:47
2018,Thursday,Cherry Hill Road,Motor Vehicle Crash - No Injury,17:06:54
2018,Friday,Washington Road,Motor Vehicle Crash - No Injury,10:05:30
2018,Friday,Nassau Street,Motor Vehicle Crash - No Injury,10:49:21
2018,Friday,Park Place,Motor Vehicle Crash - No Injury,13:38:57
2018,Saturday,Nassau Street,Motor Vehicle Crash - No Injury,02:26:22
2018,Sunday,Quaker Road,Motor Vehicle Crash - No Injury,09:21:04
2018,Sunday,Valley Road,Motor Vehicle Crash - No Injury,11:04:06
2018,Sunday,Winant Road,Motor Vehicle Crash - No Injury,14:10:16
2018,Wednesday,Nassau Street,Motor Vehicle Crash - No Injury,13:44:33
2018,Wednesday,Valley Road,Motor Vehicle Crash - No Injury,17:54:54
2018,Thursday,Paul Robeson Place,Motor Vehicle Crash - No Injury,15:04:41
2018,Thursday,State Road,Motor Vehicle Crash - No Injury,19:18:09
2018,Friday,Nassau Street,Motor Vehicle Crash - No Injury,15:18:50
2018,Friday,Nassau Street,Motor Vehicle Crash - No Injury,17:36:22
2018,Saturday,Stockton Street,Motor Vehicle Crash - No Injury,13:20:20
2018,Saturday,Nassau Street,Motor Vehicle Crash - No Injury,14:16:52
2018,Saturday,Redding Circle,Motor Vehicle Crash - No Injury,15:08:29
2018,Monday,Mercer Road,Motor Vehicle Crash - No Injury,12:43:35
2018,Monday,Mercer Road,Motor Vehicle Crash - No Injury,14:46:58
2018,Monday,Nassau Street,Motor Vehicle Crash - No Injury,15:31:27
2018,Monday,Cherry Hill Road,Motor Vehicle Crash - No Injury,16:18:43